List of Designated Securities Eligible for Short Selling,
Effective date : 11/03/2019,
Note : Delisted securities excluded,

No.,Stock Code,Stock Short Name,Currency,Type,Exempt from Tick Rule,Remarks
1,1,CKH HOLDINGS,HKD,EQTY,,,
2,2,CLP HOLDINGS,HKD,EQTY,,,
3,3,HK & CHINA GAS,HKD,EQTY,,,
4,4,WHARF HOLDINGS,HKD,EQTY,,,
5,5,HSBC HOLDINGS,HKD,EQTY,,,
6,6,POWER ASSETS,HKD,EQTY,,,
7,8,PCCW,HKD,EQTY,,,
8,10,HANG LUNG GROUP,HKD,EQTY,,,
9,11,HANG SENG BANK,HKD,EQTY,,,
10,12,HENDERSON LAND,HKD,EQTY,,,
11,14,HYSAN DEV,HKD,EQTY,,,
12,16,SHK PPT,HKD,EQTY,,,
13,17,NEW WORLD DEV,HKD,EQTY,,,
14,19,SWIRE PACIFIC A,HKD,EQTY,,,
15,20,WHEELOCK,HKD,EQTY,,,
16,23,BANK OF E ASIA,HKD,EQTY,,,
17,25,CHEVALIER INT'L,HKD,EQTY,,,
18,26,CHINA MOTOR BUS,HKD,EQTY,,,
19,27,GALAXY ENT,HKD,EQTY,,,
20,28,TIAN AN,HKD,EQTY,,,
21,32,CROSS-HAR(HOLD),HKD,EQTY,,,
22,34,KOWLOON DEV,HKD,EQTY,,,
23,35,FE CONSORT INTL,HKD,EQTY,,,
24,41,GREAT EAGLE H,HKD,EQTY,,,
25,43,C.P. POKPHAND,HKD,EQTY,,,
26,45,HK&S HOTELS,HKD,EQTY,,,
27,50,HK FERRY (HOLD),HKD,EQTY,,,
28,51,HARBOUR CENTRE,HKD,EQTY,,,
29,52,FAIRWOOD HOLD,HKD,EQTY,,,
30,53,GUOCO GROUP,HKD,EQTY,,,
31,54,HOPEWELL HOLD,HKD,EQTY,,,
32,56,ALLIED PPT (HK),HKD,EQTY,,,
33,62,TRANSPORT INT'L,HKD,EQTY,,,
34,64,GET NICE,HKD,EQTY,,,
35,66,MTR CORPORATION,HKD,EQTY,,,
36,69,SHANGRI-LA ASIA,HKD,EQTY,,,
37,71,MIRAMAR HOTEL,HKD,EQTY,,,
38,75,Y.T. REALTY,HKD,EQTY,,,
39,78,REGAL INT'L,HKD,EQTY,,,
40,81,CH OVS G OCEANS,HKD,EQTY,,,
41,83,SINO LAND,HKD,EQTY,,,
42,86,SUN HUNG KAI CO,HKD,EQTY,,,
43,88,TAI CHEUNG HOLD,HKD,EQTY,,,
44,95,LVGEM CHINA,HKD,EQTY,,,
45,101,HANG LUNG PPT,HKD,EQTY,,,
46,102,SUMMIT ASCENT,HKD,EQTY,,,
47,105,ASSO INT HOTELS,HKD,EQTY,,,
48,106,LANDSEA GREEN,HKD,EQTY,,,
49,107,SICHUAN EXPRESS,HKD,EQTY,,,
50,112,LERTHAI GROUP,HKD,EQTY,,,
51,116,CHOW SANG SANG,HKD,EQTY,,,
52,119,POLY PROPERTY,HKD,EQTY,,,
53,120,COSMOPOL INT'L,HKD,EQTY,,,
54,123,YUEXIU PROPERTY,HKD,EQTY,,,
55,127,CHINESE EST H,HKD,EQTY,,,
56,135,KUNLUN ENERGY,HKD,EQTY,,,
57,136,HENGTEN NET,HKD,EQTY,,,
58,142,FIRST PACIFIC,HKD,EQTY,,,
59,144,CHINA MER PORT,HKD,EQTY,,,
60,147,IB SETTLEMENT,HKD,EQTY,,,
61,148,KINGBOARD HLDG,HKD,EQTY,,,
62,151,WANT WANT CHINA,HKD,EQTY,,,
63,152,SHENZHEN INT'L,HKD,EQTY,,,
64,158,MELBOURNE ENT,HKD,EQTY,,,
65,163,EMPEROR INT'L,HKD,EQTY,,,
66,165,CHINA EB LTD,HKD,EQTY,,,
67,168,TSINGTAO BREW,HKD,EQTY,,,
68,171,SILVER GRANT,HKD,EQTY,,,
69,173,K. WAH INT'L,HKD,EQTY,,,
70,175,GEELY AUTO,HKD,EQTY,,,
71,177,JIANGSU EXPRESS,HKD,EQTY,,,
72,178,SA SA INT'L,HKD,EQTY,,,
73,179,JOHNSON ELEC H,HKD,EQTY,,,
74,182,CONCORD NE,HKD,EQTY,,,
75,189,DONGYUE GROUP,HKD,EQTY,,,
76,194,LIU CHONG HING,HKD,EQTY,,,
77,196,HONGHUA GROUP,HKD,EQTY,,,
78,200,MELCO INT'L DEV,HKD,EQTY,,,
79,207,JOY CITY PPT,HKD,EQTY,,,
80,215,HUTCHTEL HK,HKD,EQTY,,,
81,220,U-PRESID CHINA,HKD,EQTY,,,
82,225,POKFULAM,HKD,EQTY,,,
83,230,MINMETALS LAND,HKD,EQTY,,,
84,241,ALI HEALTH,HKD,EQTY,,,
85,242,SHUN TAK HOLD,HKD,EQTY,,,
86,245,CN MINSHENG FIN,HKD,EQTY,,,
87,247,TST PROPERTIES,HKD,EQTY,,,
88,251,SEA HOLDINGS,HKD,EQTY,,,
89,256,CITYCHAMP,HKD,EQTY,,,
90,257,CHINA EB INT'L,HKD,EQTY,,,
91,258,TOMSON GROUP,HKD,EQTY,,,
92,261,CCT LAND,HKD,EQTY,,,
93,266,TIAN TECK LAND,HKD,EQTY,,,
94,267,CITIC,HKD,EQTY,,,
95,268,KINGDEE INT'L,HKD,EQTY,,,
96,270,GUANGDONG INV,HKD,EQTY,,,
97,272,SHUI ON LAND,HKD,EQTY,,,
98,273,MASON GP HOLD,HKD,EQTY,,,
99,285,BYD ELECTRONIC,HKD,EQTY,,,
100,286,CS HEALTH,HKD,EQTY,,,
101,288,WH GROUP,HKD,EQTY,,,
102,289,WING ON CO,HKD,EQTY,,,
103,291,CHINA RES BEER,HKD,EQTY,,,
104,293,CATHAY PAC AIR,HKD,EQTY,,,
105,297,SINOFERT,HKD,EQTY,,,
106,303,VTECH HOLDINGS,HKD,EQTY,,,
107,308,CHINA TRAVEL HK,HKD,EQTY,,,
108,315,SMARTONE TELE,HKD,EQTY,,,
109,316,OOIL,HKD,EQTY,,,
110,317,COMEC,HKD,EQTY,,,
111,321,TEXWINCA HOLD,HKD,EQTY,,,
112,322,TINGYI,HKD,EQTY,,,
113,323,MAANSHAN IRON,HKD,EQTY,,,
114,326,CHINA STAR ENT,HKD,EQTY,,,
115,327,PAX GLOBAL,HKD,EQTY,,,
116,330,ESPRIT HOLDINGS,HKD,EQTY,,,
117,332,YUANHENG GAS,HKD,EQTY,,,
118,336,HUABAO INTL,HKD,EQTY,,,
119,337,GREENLAND HK,HKD,EQTY,,,
120,338,SHANGHAI PECHEM,HKD,EQTY,,,
121,341,CAFE DE CORAL H,HKD,EQTY,,,
122,342,NEWOCEAN ENERGY,HKD,EQTY,,,
123,345,VITASOY INT'L,HKD,EQTY,,,
124,347,ANGANG STEEL,HKD,EQTY,,,
125,354,CHINASOFT INT'L,HKD,EQTY,,,
126,358,JIANGXI COPPER,HKD,EQTY,,,
127,363,SHANGHAI IND H,HKD,EQTY,,,
128,369,WING TAI PPT,HKD,EQTY,,,
129,371,BJ ENT WATER,HKD,EQTY,,,
130,373,ALLIED GROUP,HKD,EQTY,,,
131,376,YUNFENG FIN,HKD,EQTY,,,
132,378,FDG KINETIC,HKD,EQTY,,,
133,383,CHINA MED&HCARE,HKD,EQTY,,,
134,384,CHINA GAS HOLD,HKD,EQTY,,,
135,386,SINOPEC CORP,HKD,EQTY,,,
136,388,HKEX,HKD,EQTY,,,
137,390,CHINA RAILWAY,HKD,EQTY,,,
138,392,BEIJING ENT,HKD,EQTY,,,
139,400,COGOBUY,HKD,EQTY,,,
140,405,YUEXIU REIT,HKD,TRST,,,
141,410,SOHO CHINA,HKD,EQTY,,,
142,412,CHINA SDHS FIN,HKD,EQTY,,,
143,416,BANKOFJINZHOU,HKD,EQTY,,,
144,419,HUAYI TENCENT,HKD,EQTY,,,
145,425,MINTH GROUP,HKD,EQTY,,,
146,435,SUNLIGHT REIT,HKD,TRST,,,
147,439,KUANGCHI,HKD,EQTY,,,
148,440,DAH SING,HKD,EQTY,,,
149,445,CIMC-TIANDA,HKD,EQTY,,,
150,451,GCL NEWENERGY,HKD,EQTY,,,
151,460,SIHUAN PHARM,HKD,EQTY,,,
152,467,UNITEDENERGY GP,HKD,EQTY,,,
153,468,GAPACK,HKD,EQTY,,,
154,472,NEW SILKROAD,HKD,EQTY,,,
155,480,HKR INT'L,HKD,EQTY,,,
156,486,RUSAL,HKD,EQTY,,,
157,488,LAI SUN DEV,HKD,EQTY,,,
158,489,DONGFENG GROUP,HKD,EQTY,,,
159,493,GOME RETAIL,HKD,EQTY,,,
160,494,LI & FUNG,HKD,EQTY,,,
161,496,KASEN,HKD,EQTY,,,
162,497,CSI PROPERTIES,HKD,EQTY,,,
163,500,FRONTIER SER,HKD,EQTY,,,
164,506,CHINA FOODS,HKD,EQTY,,,
165,508,DINGYI GP INV,HKD,EQTY,,,
166,511,TVB,HKD,EQTY,,,
167,512,CHINAGRANDPHARM,HKD,EQTY,,,
168,517,COSCO SHIP INTL,HKD,EQTY,,,
169,519,APPLIED DEV,HKD,EQTY,,,
170,520,XIABUXIABU,HKD,EQTY,,,
171,522,ASM PACIFIC,HKD,EQTY,,,
172,525,GUANGSHEN RAIL,HKD,EQTY,,,
173,526,LISI GP HOLD,HKD,EQTY,,,
174,530,GOLDIN FIN HOLD,HKD,EQTY,,,
175,535,GEMDALE PPT,HKD,EQTY,,,
176,538,AJISEN (CHINA),HKD,EQTY,,,
177,546,FUFENG GROUP,HKD,EQTY,,,
178,547,DIGITAL DOMAIN,HKD,EQTY,,,
179,548,SHENZHENEXPRESS,HKD,EQTY,,,
180,551,YUE YUEN IND,HKD,EQTY,,,
181,552,CHINACOMSERVICE,HKD,EQTY,,,
182,563,SH IND URBAN,HKD,EQTY,,,
183,570,TRAD CHI MED,HKD,EQTY,,,
184,576,ZHEJIANGEXPRESS,HKD,EQTY,,,
185,579,JNCEC,HKD,EQTY,,,
186,581,CHINA ORIENTAL,HKD,EQTY,,,
187,586,CONCH VENTURE,HKD,EQTY,,,
188,588,BEIJING N STAR,HKD,EQTY,,,
189,590,LUK FOOK HOLD,HKD,EQTY,,,
190,596,INSPUR INT'L,HKD,EQTY,,,
191,598,SINOTRANS,HKD,EQTY,,,
192,603,CHINA OIL & GAS,HKD,EQTY,,,
193,604,SHENZHEN INVEST,HKD,EQTY,,,
194,606,CHINA AGRI,HKD,EQTY,,,
195,607,FULLSHARE,HKD,EQTY,,,
196,622,ENERCHINA HOLD,HKD,EQTY,,,
197,627,FULLSUN INT'L,HKD,EQTY,,,
198,631,SANY INT'L,HKD,EQTY,,,
199,636,KERRY LOG NET,HKD,EQTY,,,
200,639,SHOUGANG RES,HKD,EQTY,,,
201,656,FOSUN INTL,HKD,EQTY,,,
202,658,C TRANSMISSION,HKD,EQTY,,,
203,659,NWS HOLDINGS,HKD,EQTY,,,
204,662,ASIA FINANCIAL,HKD,EQTY,,,
205,665,HAITONG INT'L,HKD,EQTY,,,
206,669,TECHTRONIC IND,HKD,EQTY,,,
207,670,CHINA EAST AIR,HKD,EQTY,,,
208,678,GENTING HK,HKD,EQTY,,,
209,680,NAN HAI CORP,HKD,EQTY,,,
210,683,KERRY PPT,HKD,EQTY,,,
211,686,PANDA GREEN,HKD,EQTY,,,
212,687,HKICIM GROUP,HKD,EQTY,,,
213,688,CHINA OVERSEAS,HKD,EQTY,,,
214,689,EPI (HOLDINGS),HKD,EQTY,,,
215,694,BEIJING AIRPORT,HKD,EQTY,,,
216,696,TRAVELSKY TECH,HKD,EQTY,,,
217,697,SHOUGANG INT'L,HKD,EQTY,,,
218,698,TONGDA GROUP,HKD,EQTY,,,
219,699,CAR INC,HKD,EQTY,,,
220,700,TENCENT,HKD,EQTY,,,
221,707,ATV HOLDINGS,HKD,EQTY,,,
222,708,EVERG HEALTH,HKD,EQTY,,,
223,709,GIORDANO INT'L,HKD,EQTY,,,
224,710,BOE VARITRONIX,HKD,EQTY,,,
225,715,CHINA OCEANWIDE,HKD,EQTY,,,
226,716,SINGAMAS CONT,HKD,EQTY,,,
227,717,EMPEROR CAPITAL,HKD,EQTY,,,
228,721,C FIN INT INV,HKD,EQTY,,,
229,728,CHINA TELECOM,HKD,EQTY,,,
230,729,FDG EVEHICLES,HKD,EQTY,,,
231,732,TRULY INT'L,HKD,EQTY,,,
232,735,CP CLEAN ENERGY,HKD,EQTY,,,
233,737,HOPEWELL INFR,HKD,EQTY,,,
234,743,ASIA CEMENT CH,HKD,EQTY,,,
235,751,SKYWORTHDIGITAL,HKD,EQTY,,,
236,752,PICO FAR EAST,HKD,EQTY,,,
237,753,AIR CHINA,HKD,EQTY,,,
238,754,HOPSON DEV HOLD,HKD,EQTY,,,
239,755,SHANGHAI ZENDAI,HKD,EQTY,,,
240,762,CHINA UNICOM,HKD,EQTY,,,
241,763,ZTE,HKD,EQTY,,,
242,772,CHINA LIT,HKD,EQTY,,,
243,777,NETDRAGON,HKD,EQTY,,,
244,778,FORTUNE REIT,HKD,TRST,,,
245,787,GLOBAL BRANDS,HKD,EQTY,,,
246,788,CHINA TOWER,HKD,EQTY,,,
247,799,IGG,HKD,EQTY,,,
248,806,VALUE PARTNERS,HKD,EQTY,,,
249,807,SIICENVIRONMENT,HKD,EQTY,,,
250,808,PROSPERITY REIT,HKD,TRST,,,
251,811,XINHUA WINSHARE,HKD,EQTY,,,
252,813,SHIMAO PROPERTY,HKD,EQTY,,,
253,816,HUADIAN FUXIN,HKD,EQTY,,,
254,817,CHINA JINMAO,HKD,EQTY,,,
255,818,HI SUN TECH,HKD,EQTY,,,
256,819,TIANNENG POWER,HKD,EQTY,,,
257,823,LINK REIT,HKD,TRST,,,
258,826,TIANGONG INT'L,HKD,EQTY,,,
259,831,CR ASIA,HKD,EQTY,,,
260,832,CENTRAL CHINA,HKD,EQTY,,,
261,836,CHINA RES POWER,HKD,EQTY,,,
262,839,CHINA EDU GROUP,HKD,EQTY,,,
263,853,MICROPORT,HKD,EQTY,,,
264,855,CHINA WATER,HKD,EQTY,,,
265,856,VSTECS,HKD,EQTY,,,
266,857,PETROCHINA,HKD,EQTY,,,
267,860,WE SOLUTIONS,HKD,EQTY,,,
268,861,DC HOLDINGS,HKD,EQTY,,,
269,867,CMS,HKD,EQTY,,,
270,868,XINYI GLASS,HKD,EQTY,,,
271,874,BAIYUNSHAN PH,HKD,EQTY,,,
272,877,O-NET TECH GP,HKD,EQTY,,,
273,880,SJM HOLDINGS,HKD,EQTY,,,
274,881,ZHONGSHENG HLDG,HKD,EQTY,,,
275,882,TIANJIN DEV,HKD,EQTY,,,
276,883,CNOOC,HKD,EQTY,,,
277,884,CIFI HOLD GP,HKD,EQTY,,,
278,895,DONGJIANG ENV,HKD,EQTY,,,
279,902,HUANENG POWER,HKD,EQTY,,,
280,906,COFCO PACKAGING,HKD,EQTY,,,
281,914,CONCH CEMENT,HKD,EQTY,,,
282,916,CHINA LONGYUAN,HKD,EQTY,,,
283,921,HISENSE HA,HKD,EQTY,,,
284,931,CHINA LNG,HKD,EQTY,,,
285,934,SINOPEC KANTONS,HKD,EQTY,,,
286,939,CCB,HKD,EQTY,,,
287,941,CHINA MOBILE,HKD,EQTY,,,
288,950,LEE'S PHARM,HKD,EQTY,,,
289,951,CHAOWEI POWER,HKD,EQTY,,,
290,956,CHINA SUNTIEN,HKD,EQTY,,,
291,958,HN RENEWABLES,HKD,EQTY,,,
292,960,LONGFOR GROUP,HKD,EQTY,,,
293,966,CHINA TAIPING,HKD,EQTY,,,
294,968,XINYI SOLAR,HKD,EQTY,,,
295,973,L'OCCITANE,HKD,EQTY,,,
296,976,CHIHO ENV,HKD,EQTY,,,
297,978,CHI MER LAND,HKD,EQTY,,,
298,981,SMIC,HKD,EQTY,,,
299,989,GROUND INTL DEV,HKD,EQTY,,,
300,991,DATANG POWER,HKD,EQTY,,,
301,992,LENOVO GROUP,HKD,EQTY,,,
302,995,ANHUIEXPRESSWAY,HKD,EQTY,,,
303,996,CARNIVAL GROUP,HKD,EQTY,,,
304,998,CITIC BANK,HKD,EQTY,,,
305,999,I.T,HKD,EQTY,,,
306,1003,HUANXI MEDIA,HKD,EQTY,,,
307,1004,C SMARTERENERGY,HKD,EQTY,,,
308,1030,FUTURE LAND,HKD,EQTY,,,
309,1031,KINGSTON FIN,HKD,EQTY,,,
310,1033,SINOPEC SSC,HKD,EQTY,,,
311,1038,CKI HOLDINGS,HKD,EQTY,,,
312,1044,HENGAN INT'L,HKD,EQTY,,,
313,1051,G-RESOURCES,HKD,EQTY,,,
314,1052,YUEXIUTRANSPORT,HKD,EQTY,,,
315,1055,CHINA SOUTH AIR,HKD,EQTY,,,
316,1060,ALI PICTURES,HKD,EQTY,,,
317,1061,ESSEX BIO-TECH,HKD,EQTY,,,
318,1066,WEIGAO GROUP,HKD,EQTY,,,
319,1070,TCL ELECTRONICS,HKD,EQTY,,,
320,1071,HUADIAN POWER,HKD,EQTY,,,
321,1072,DONGFANG ELEC,HKD,EQTY,,,
322,1076,IMPERIAL PAC,HKD,EQTY,,,
323,1083,TOWNGAS CHINA,HKD,EQTY,,,
324,1086,GOODBABY INTL,HKD,EQTY,,,
325,1088,CHINA SHENHUA,HKD,EQTY,,,
326,1089,LEYOU TECH H,HKD,EQTY,,,
327,1093,CSPC PHARMA,HKD,EQTY,,,
328,1098,ROAD KING INFRA,HKD,EQTY,,,
329,1099,SINOPHARM,HKD,EQTY,,,
330,1109,CHINA RES LAND,HKD,EQTY,,,
331,1111,CHONG HING BANK,HKD,EQTY,,,
332,1112,H&H INTL HLDG,HKD,EQTY,,,
333,1113,CK ASSET,HKD,EQTY,,,
334,1114,BRILLIANCE CHI,HKD,EQTY,,,
335,1115,TIBET WATER,HKD,EQTY,,,
336,1117,CH MODERN D,HKD,EQTY,,,
337,1122,QINGLING MOTORS,HKD,EQTY,,,
338,1128,WYNN MACAU,HKD,EQTY,,,
339,1129,WATER INDUSTRY,HKD,EQTY,,,
340,1131,AGRITRADE RES,HKD,EQTY,,,
341,1133,HARBIN ELECTRIC,HKD,EQTY,,,
342,1138,COSCO SHIP ENGY,HKD,EQTY,,,
343,1140,OP FINANCIAL,HKD,EQTY,,,
344,1141,CMBC CAPITAL,HKD,EQTY,,,
345,1157,ZOOMLION,HKD,EQTY,,,
346,1169,HAIER ELEC,HKD,EQTY,,,
347,1171,YANZHOU COAL,HKD,EQTY,,,
348,1176,ZHUGUANG HOLD,HKD,EQTY,,,
349,1177,SINO BIOPHARM,HKD,EQTY,,,
350,1186,CHINA RAIL CONS,HKD,EQTY,,,
351,1193,CHINA RES GAS,HKD,EQTY,,,
352,1196,REALORD GROUP,HKD,EQTY,,,
353,1199,COSCO SHIP PORT,HKD,EQTY,,,
354,1205,CITIC RESOURCES,HKD,EQTY,,,
355,1208,MMG,HKD,EQTY,,,
356,1211,BYD COMPANY,HKD,EQTY,,,
357,1212,LIFESTYLE INT'L,HKD,EQTY,,,
358,1216,ZYBANK,HKD,EQTY,,,
359,1221,SINO HOTELS,HKD,EQTY,,,
360,1223,SYMPHONY HOLD,HKD,EQTY,,,
361,1224,C C LAND,HKD,EQTY,,,
362,1230,YASHILI INT'L,HKD,EQTY,,,
363,1233,TIMES CHINA,HKD,EQTY,,,
364,1234,CHINA LILANG,HKD,EQTY,,,
365,1238,POWERLONG,HKD,EQTY,,,
366,1243,WANG ON PPT,HKD,EQTY,,,
367,1250,BE CLEAN ENERGY,HKD,EQTY,,,
368,1252,CHINA TIANRUI,HKD,EQTY,,,
369,1257,CEB GREENTECH,HKD,EQTY,,,
370,1258,CHINFMINING,HKD,EQTY,,,
371,1266,XIWANG STEEL,HKD,EQTY,,,
372,1270,LANGHAM-SS,HKD,EQTY,,,
373,1282,CHINA GOLDJOY,HKD,EQTY,,,
374,1288,ABC,HKD,EQTY,,,
375,1293,GRAND BAOXIN,HKD,EQTY,,,
376,1299,AIA,HKD,EQTY,,,
377,1302,LIFETECH SCI,HKD,EQTY,,,
378,1308,SITC,HKD,EQTY,,,
379,1310,HKBN,HKD,EQTY,,,
380,1313,CHINARES CEMENT,HKD,EQTY,,,
381,1316,NEXTEER,HKD,EQTY,,,
382,1317,MAPLELEAF EDU,HKD,EQTY,,,
383,1333,CHINA ZHONGWANG,HKD,EQTY,,,
384,1336,NCI,HKD,EQTY,,,
385,1337,RAZER,HKD,EQTY,,,
386,1339,PICC GROUP,HKD,EQTY,,,
387,1347,HUA HONG SEMI,HKD,EQTY,,,
388,1359,CHINA CINDA,HKD,EQTY,,,
389,1360,MEGAEXPO HLDG,HKD,EQTY,,,
390,1361,361 DEGREES,HKD,EQTY,,,
391,1363,CTEG,HKD,EQTY,,,
392,1368,XTEP INT'L,HKD,EQTY,,,
393,1375,CC SECURITIES,HKD,EQTY,,,
394,1378,CHINAHONGQIAO,HKD,EQTY,,,
395,1381,CANVEST ENV,HKD,EQTY,,,
396,1382,PACIFICTEXTILES,HKD,EQTY,,,
397,1383,SUNCITY GROUP,HKD,EQTY,,,
398,1385,SHANGHAI FUDAN,HKD,EQTY,,,
399,1387,RENHE COMM,HKD,EQTY,,,
400,1398,ICBC,HKD,EQTY,,,
401,1426,SPRING REIT,HKD,TRST,,,
402,1432,CHINA SHENGMU,HKD,EQTY,,,
403,1448,FU SHOU YUAN,HKD,EQTY,,,
404,1458,ZHOU HEI YA,HKD,EQTY,,,
405,1478,Q TECH,HKD,EQTY,,,
406,1508,CHINA RE,HKD,EQTY,,,
407,1513,LIVZON PHARMA,HKD,EQTY,,,
408,1515,CR MEDICAL,HKD,EQTY,,,
409,1518,NC HEALTHCARE,HKD,EQTY,,,
410,1528,RS MACALLINE,HKD,EQTY,,,
411,1530,3SBIO,HKD,EQTY,,,
412,1548,GENSCRIPT BIO,HKD,EQTY,,,
413,1551,GRCB,HKD,EQTY,,,
414,1558,HEC PHARM,HKD,EQTY,,,
415,1561,MANFIELD CHEM,HKD,EQTY,,,
416,1566,CHINA ANIMATION,HKD,EQTY,,,
417,1568,SUNDART HLDGS,HKD,EQTY,,,
418,1569,MINSHENG EDU,HKD,EQTY,,,
419,1573,SOUTHERN ENERGY,HKD,EQTY,,,
420,1578,BANK OF TIANJIN,HKD,EQTY,,,
421,1579,YIHAI INTL,HKD,EQTY,,,
422,1585,YADEA,HKD,EQTY,,,
423,1589,CNLP,HKD,EQTY,,,
424,1600,TIAN LUN GAS,HKD,EQTY,,,
425,1606,CDB LEASING,HKD,EQTY,,,
426,1608,VPOWER GROUP,HKD,EQTY,,,
427,1610,COFCO MEAT,HKD,EQTY,,,
428,1617,NANFANG COMM,HKD,EQTY,,,
429,1618,MCC,HKD,EQTY,,,
430,1622,REDCO GROUP,HKD,EQTY,,,
431,1628,YUZHOU PPT,HKD,EQTY,,,
432,1636,CMRU,HKD,EQTY,,,
433,1638,KAISA GROUP,HKD,EQTY,,,
434,1658,PSBC,HKD,EQTY,,,
435,1660,ZHAOBANGJI PPT,HKD,EQTY,,,
436,1666,TONG REN TANG,HKD,EQTY,,,
437,1668,CHINASOUTHCITY,HKD,EQTY,,,
438,1672,ASCLETIS-B,HKD,EQTY,,,
439,1680,MACAU LEGEND,HKD,EQTY,,,
440,1681,CONSUN PHARMA,HKD,EQTY,,,
441,1686,SUNEVISION,HKD,EQTY,,,
442,1708,SAMPLE TECH,HKD,EQTY,,,
443,1717,AUSNUTRIA,HKD,EQTY,,,
444,1720,PUTIAN COMM,HKD,EQTY,,,
445,1727,HEBEI CONS,HKD,EQTY,,,
446,1728,ZHENGTONGAUTO,HKD,EQTY,,,
447,1765,HOPE EDU,HKD,EQTY,,,
448,1766,CRRC,HKD,EQTY,,,
449,1772,GANFENGLITHIUM,HKD,EQTY,,,
450,1776,GF SEC,HKD,EQTY,,,
451,1777,FANTASIA,HKD,EQTY,,,
452,1778,COLOUR LIFE,HKD,EQTY,,,
453,1787,SD GOLD,HKD,EQTY,,,
454,1788,GUOTAI JUNAN I,HKD,EQTY,,,
455,1789,AK MEDICAL,HKD,EQTY,,,
456,1798,DATANG RENEW,HKD,EQTY,,,
457,1799,XINTE ENERGY,HKD,EQTY,,,
458,1800,CHINA COMM CONS,HKD,EQTY,,,
459,1803,BJ SPORTS & ENT,HKD,EQTY,,,
460,1806,HUIFU PAYMENT,HKD,EQTY,,,
461,1810,XIAOMI-W,HKD,EQTY,,,
462,1811,CGN NEW ENERGY,HKD,EQTY,,,
463,1812,CHENMING PAPER,HKD,EQTY,,,
464,1813,KWG GROUP,HKD,EQTY,,,
465,1816,CGN POWER,HKD,EQTY,,,
466,1818,ZHAOJIN MINING,HKD,EQTY,,,
467,1828,DCH HOLDINGS,HKD,EQTY,,,
468,1829,CMEC,HKD,EQTY,,,
469,1833,PA GOODDOCTOR,HKD,EQTY,,,
470,1836,STELLA HOLDINGS,HKD,EQTY,,,
471,1848,CALC,HKD,EQTY,,,
472,1862,JINGRUI HLDGS,HKD,EQTY,,,
473,1866,CHINA XLX FERT,HKD,EQTY,,,
474,1881,REGAL REIT,HKD,TRST,,,
475,1882,HAITIAN INT'L,HKD,EQTY,,,
476,1883,CITIC TELECOM,HKD,EQTY,,,
477,1888,KB LAMINATES,HKD,EQTY,,,
478,1898,CHINA COAL,HKD,EQTY,,,
479,1899,XINGDA INT'L,HKD,EQTY,,,
480,1908,C&D INTL GROUP,HKD,EQTY,,,
481,1910,SAMSONITE,HKD,EQTY,,,
482,1911,CR HOLDINGS,HKD,EQTY,,,
483,1913,PRADA,HKD,EQTY,,,
484,1916,JIANGXI BANK,HKD,EQTY,,,
485,1918,SUNAC,HKD,EQTY,,,
486,1919,COSCO SHIP HOLD,HKD,EQTY,,,
487,1928,SANDS CHINA LTD,HKD,EQTY,,,
488,1929,CHOW TAI FOOK,HKD,EQTY,,,
489,1958,BAIC MOTOR,HKD,EQTY,,,
490,1963,BCQ,HKD,EQTY,,,
491,1966,CHINA SCE GROUP,HKD,EQTY,,,
492,1970,IMAX CHINA,HKD,EQTY,,,
493,1972,SWIREPROPERTIES,HKD,EQTY,,,
494,1980,TIANGE,HKD,EQTY,,,
495,1988,MINSHENG BANK,HKD,EQTY,,,
496,1996,RSUN PPT,HKD,EQTY,,,
497,1997,WHARF REIC,HKD,EQTY,,,
498,1999,MAN WAH HLDGS,HKD,EQTY,,,
499,2001,NEW HIGHER EDU,HKD,EQTY,,,
500,2003,VCREDIT,HKD,EQTY,,,
501,2005,SSY GROUP,HKD,EQTY,,,
502,2006,JINJIANG HOTELS,HKD,EQTY,,,
503,2007,COUNTRY GARDEN,HKD,EQTY,,,
504,2009,BBMG,HKD,EQTY,,,
505,2014,OZNER WATER,HKD,EQTY,,,
506,2016,CZBANK,HKD,EQTY,,,
507,2018,AAC TECH,HKD,EQTY,,,
508,2020,ANTA SPORTS,HKD,EQTY,,,
509,2038,FIH,HKD,EQTY,,,
510,2039,CIMC,HKD,EQTY,,,
511,2048,E-HOUSE ENT,HKD,EQTY,,,
512,2051,51 CREDIT CARD,HKD,EQTY,,,
513,2066,SHENGJINGBANK,HKD,EQTY,,,
514,2098,ZALL SMARTCOM,HKD,EQTY,,,
515,2099,CHINAGOLDINTL,HKD,EQTY,,,
516,2128,CHINA LESSO,HKD,EQTY,,,
517,2136,LIFESTYLE CHI,HKD,EQTY,,,
518,2139,BANK OF GANSU,HKD,EQTY,,,
519,2186,LUYE PHARMA,HKD,EQTY,,,
520,2196,FOSUN PHARMA,HKD,EQTY,,,
521,2198,CHINA SANJIANG,HKD,EQTY,,,
522,2202,CHINA VANKE,HKD,EQTY,,,
523,2208,GOLDWIND,HKD,EQTY,,,
524,2232,CRYSTAL INTL,HKD,EQTY,,,
525,2233,WESTCHINACEMENT,HKD,EQTY,,,
526,2238,GAC GROUP,HKD,EQTY,,,
527,2255,HAICHANG HLDG,HKD,EQTY,,,
528,2269,WUXI BIO,HKD,EQTY,,,
529,2280,HC GROUP,HKD,EQTY,,,
530,2282,MGM CHINA,HKD,EQTY,,,
531,2283,TK GROUP HLDG,HKD,EQTY,,,
532,2298,COSMO LADY,HKD,EQTY,,,
533,2299,BILLION IND,HKD,EQTY,,,
534,2303,HENGXING GOLD,HKD,EQTY,,,
535,2313,SHENZHOU INTL,HKD,EQTY,,,
536,2314,LEE & MAN PAPER,HKD,EQTY,,,
537,2318,PING AN,HKD,EQTY,,,
538,2319,MENGNIU DAIRY,HKD,EQTY,,,
539,2322,NOBLE CENTURY,HKD,EQTY,,,
540,2328,PICC P&C,HKD,EQTY,,,
541,2329,GUORUI PPT,HKD,EQTY,,,
542,2331,LI NING,HKD,EQTY,,,
543,2333,GREATWALL MOTOR,HKD,EQTY,,,
544,2338,WEICHAI POWER,HKD,EQTY,,,
545,2342,COMBA,HKD,EQTY,,,
546,2343,PACIFIC BASIN,HKD,EQTY,,,
547,2356,DAHSING BANKING,HKD,EQTY,,,
548,2357,AVICHINA,HKD,EQTY,,,
549,2359,WUXI APPTEC,HKD,EQTY,,,
550,2362,JINCHUAN INTL,HKD,EQTY,,,
551,2378,PRU,HKD,EQTY,,,
552,2380,CHINA POWER,HKD,EQTY,,,
553,2382,SUNNY OPTICAL,HKD,EQTY,,,
554,2383,TOM GROUP,HKD,EQTY,,,
555,2386,SINOPEC SEG,HKD,EQTY,,,
556,2388,BOC HONG KONG,HKD,EQTY,,,
557,2393,YESTAR HEALTH,HKD,EQTY,,,
558,2399,FORDOO,HKD,EQTY,,,
559,2488,LAUNCH TECH,HKD,EQTY,,,
560,2552,HUA MEDICINE-B,HKD,EQTY,,,
561,2588,BOC AVIATION,HKD,EQTY,,,
562,2600,CHALCO,HKD,EQTY,,,
563,2601,CPIC,HKD,EQTY,,,
564,2607,SH PHARMA,HKD,EQTY,,,
565,2608,SUNSHINE 100,HKD,EQTY,,,
566,2611,GTJA,HKD,EQTY,,,
567,2628,CHINA LIFE,HKD,EQTY,,,
568,2638,HKELECTRIC-SS,HKD,EQTY,,,
569,2662,CAMSING INTL,HKD,EQTY,,,
570,2666,UNI MEDICAL,HKD,EQTY,,,
571,2669,CHINA OVS PPT,HKD,EQTY,,,
572,2678,TEXHONG TEXTILE,HKD,EQTY,,,
573,2686,AAG ENERGY,HKD,EQTY,,,
574,2688,ENN ENERGY,HKD,EQTY,,,
575,2689,ND PAPER,HKD,EQTY,,,
576,2698,WEIQIAO TEXTILE,HKD,EQTY,,,
577,2727,SH ELECTRIC,HKD,EQTY,,,
578,2768,JIAYUAN INTL,HKD,EQTY,,,
579,2777,R&F PROPERTIES,HKD,EQTY,,,
580,2778,CHAMPION REIT,HKD,TRST,,,
581,2779,CH XINHUA EDU,HKD,EQTY,,,
582,2799,CHINA HUARONG,HKD,EQTY,,,
583,2800,TRACKER FUND,HKD,TRST,YES,,
584,2801,ISHARES CHINA,HKD,TRST,YES,,
585,2802,ISHARES EM ASIA,HKD,TRST,YES,,
586,2803,PREMIA BEDROCK,HKD,TRST,YES,,
587,2805,VANGUARDASXJP,HKD,TRST,YES,,
588,2808,EFUND CG BOND,HKD,TRST,YES,,
589,2810,PREMIAEMASEAN,HKD,TRST,YES,,
590,2811,HT CSI300 ETF,HKD,TRST,YES,,
591,2812,SAMSUNGCDRAGON,HKD,TRST,YES,,
592,2813,CAM CTPB BOND,HKD,TRST,YES,,
593,2819,ABF HK IDX ETF,HKD,TRST,YES,,
594,2821,ABF PAIF,USD,TRST,YES,,
595,2822,CSOP A50 ETF,HKD,TRST,YES,,
596,2823,ISHARES A50,HKD,TRST,YES,,
597,2824,LIPPO HK&M PROP,HKD,TRST,YES,,
598,2825,WISECSIHK100ETF,HKD,TRST,YES,,
599,2827,WISE CSI300 ETF,HKD,TRST,YES,,
600,2828,HSCEI ETF,HKD,TRST,YES,,
601,2832,BOSERA FA50,HKD,TRST,YES,,
602,2833,HS HSI ETF,HKD,TRST,YES,,
603,2834,ISHARESND100,HKD,TRST,YES,,
604,2836,ISHARES INDIA,HKD,TRST,YES,,
605,2838,HS FCI50 ETF,HKD,TRST,YES,,
606,2840,SPDR GOLD TRUST,HKD,TRST,YES,,
607,2843,AMUNDI A50,HKD,TRST,YES,,
608,2846,ISHARESCSI300,HKD,TRST,YES,,
609,2847,ISHARESFS100,HKD,TRST,YES,,
610,2848,TRMSCIKOREA,HKD,TRST,YES,,
611,2858,YIXIN,HKD,EQTY,,,
612,2866,COSCO SHIP DEV,HKD,EQTY,,,
613,2868,BJ CAPITAL LAND,HKD,EQTY,,,
614,2869,GREENTOWN SER,HKD,EQTY,,,
615,2877,SHINEWAY PHARM,HKD,EQTY,,,
616,2880,DALIAN PORT,HKD,EQTY,,,
617,2883,CHINA OILFIELD,HKD,EQTY,,,
618,2888,STANCHART,HKD,EQTY,,,
619,2899,ZIJIN MINING,HKD,EQTY,,,
620,3007,TRFXIC50,HKD,TRST,YES,,
621,3008,C-SHS CSI 300,HKD,TRST,YES,,
622,3010,ISHARES AXJ,HKD,TRST,YES,,
623,3012,AMUNDI HK35,HKD,TRST,YES,,
624,3015,X TRNIFTY50,HKD,TRST,YES,,
625,3016,TRMSCIPHIL,HKD,TRST,YES,,
626,3019,X TRMSCIWORLD,HKD,TRST,YES,,
627,3020,X TRMSCIUSA,HKD,TRST,YES,,
628,3023,PA AI&ROBOTICS,HKD,TRST,YES,,
629,3024,WISE SSE50ETF,HKD,TRST,YES,,
630,3027,X TRMSCIRUSSIA,HKD,TRST,YES,,
631,3036,TRMSCITAIWAN,HKD,TRST,YES,,
632,3040,MR MSCI CN ETF,HKD,TRST,YES,,
633,3041,VALUE KOREA ETF,HKD,TRST,YES,,
634,3043,TRMSCIPACEXJ,HKD,TRST,YES,,
635,3046,VALUE CHINA ETF,HKD,TRST,YES,,
636,3048,TRMSCIBRAZIL,HKD,TRST,YES,,
637,3049,X TRCSI300,HKD,TRST,YES,,
638,3053,CSOP HKD MM,HKD,TRST,YES,,
639,3055,TRMSCICHINA,HKD,TRST,YES,,
640,3060,VALUE TW ETF,HKD,TRST,YES,,
641,3065,TRMSCISG,HKD,TRST,YES,,
642,3070,PING AN HKDIV,HKD,TRST,YES,,
643,3073,SPDR GREATCHINA,HKD,TRST,YES,,
644,3074,ISHARESMSCITW,HKD,TRST,YES,,
645,3079,CICC CGB,HKD,TRST,YES,,
646,3080,PING AN CGB,HKD,TRST,YES,,
647,3081,VALUEGOLD ETF,HKD,TRST,YES,,
648,3082,TRMSCIMALAY,HKD,TRST,YES,,
649,3084,VALUE JAPAN ETF,HKD,TRST,YES,,
650,3085,VANGUARDAXJHY,HKD,TRST,YES,,
651,3086,BMO NASDAQ100,HKD,TRST,YES,Change of Stock Short Name,
652,3087,X TRFTSEVIET,HKD,TRST,YES,,
653,3092,TRMSCITHAI,HKD,TRST,YES,,
654,3093,CICCSELECT100,HKD,TRST,YES,,
655,3095,VALUE A SHARE,HKD,TRST,YES,,
656,3096,CSOP USD MM,HKD,TRST,YES,,
657,3097,F MR OIL ETF,HKD,TRST,YES,,
658,3099,X TRMSCIINDO,HKD,TRST,YES,,
659,3100,EFUND CSI100,HKD,TRST,YES,,
660,3101,VANGUARDDVEUR,HKD,TRST,YES,,
661,3110,MR HS HDIVY ETF,HKD,TRST,YES,,
662,3115,ISHARESHSI,HKD,TRST,YES,,
663,3116,XIE GOLD MINERS,HKD,TRST,YES,,
664,3118,HGI MSCI CN A,HKD,TRST,YES,,
665,3120,EFUND CES 120,HKD,TRST,YES,,
666,3121,BMO AP REAL EST,HKD,TRST,YES,,
667,3122,CSOP CNSTBOND,HKD,TRST,YES,,
668,3126,VANGUARDJAPAN,HKD,TRST,YES,,
669,3127,MR CSI300 ETF,HKD,TRST,YES,,
670,3128,HS AINDTOPETF,HKD,TRST,YES,,
671,3129,CSOP 300SMART,HKD,TRST,YES,,
672,3135,F CSOP OIL ETF,HKD,TRST,YES,,
673,3136,HGI MSCIA50,HKD,TRST,YES,,
674,3137,CSOP CES A80,HKD,TRST,YES,,
675,3140,VANGUARDSP500,HKD,TRST,YES,,
676,3141,BMO ASIA IGB,HKD,TRST,YES,Change of Stock Short Name,
677,3143,BMO HK BANKS,HKD,TRST,YES,,
678,3145,BMO ASIA HIGHDV,HKD,TRST,YES,,
679,3146,ISHARESDAX,HKD,TRST,YES,,
680,3147,CSOP CHINEXT,HKD,TRST,YES,,
681,3149,CSOP MSCI,HKD,TRST,YES,,
682,3150,HGI CSI500,HKD,TRST,YES,,
683,3155,ISHARESES50,HKD,TRST,YES,,
684,3156,GFI MSCI A I,HKD,TRST,YES,,
685,3157,CAM SCSMALLCAP,HKD,TRST,YES,,
686,3160,BMO JAPAN HDG,HKD,TRST,YES,,
687,3161,XIE CHIMER ETF,HKD,TRST,YES,,
688,3163,PA MULTI-FACTOR,HKD,TRST,YES,,
689,3165,BMO EU QLTY HDG,HKD,TRST,YES,,
690,3166,PA QLTY FACTOR,HKD,TRST,YES,,
691,3167,ICBCCSOPCHINA,HKD,TRST,YES,,
692,3169,VANGUARDCHINA,HKD,TRST,YES,,
693,3170,ISHARESKS200,HKD,TRST,YES,,
694,3171,COMSTAGE DAX,HKD,TRST,YES,,
695,3173,PREMIA NEW ECON,HKD,TRST,YES,,
696,3175,F SAMSUNG OIL,HKD,TRST,YES,,
697,3177,COMSTAGE DIVDAX,HKD,TRST,YES,,
698,3180,CAM CES A80,HKD,TRST,YES,,
699,3181,PREMIAASIATEC,HKD,TRST,YES,,
700,3182,WISE NEW ECON50,HKD,TRST,YES,,
701,3186,CICCKRANECNET,HKD,TRST,YES,,
702,3188,CAM CSI300,HKD,TRST,YES,,
703,3197,CAM MSCI AINC,HKD,TRST,YES,,
704,3198,PING AN 5HANDL,HKD,TRST,YES,,
705,3199,CSOP 5YCGBOND,HKD,TRST,YES,,
706,3301,RONSHINECHINA,HKD,EQTY,,,
707,3306,JNBY,HKD,EQTY,,,
708,3308,GOLDEN EAGLE,HKD,EQTY,,,
709,3309,C-MER EYE,HKD,EQTY,,,
710,3311,CHINA STATE CON,HKD,EQTY,,,
711,3319,A-LIVING,HKD,EQTY,,,
712,3320,CHINARES PHARMA,HKD,EQTY,,,
713,3323,CNBM,HKD,EQTY,,,
714,3328,BANKCOMM,HKD,EQTY,,,
715,3331,VINDA INT'L,HKD,EQTY,,,
716,3333,EVERGRANDE,HKD,EQTY,,,
717,3336,JU TENG INTL,HKD,EQTY,,,
718,3337,ANTON OILFIELD,HKD,EQTY,,,
719,3339,LONKING,HKD,EQTY,,,
720,3360,FE HORIZON,HKD,EQTY,,,
721,3369,QHD PORT,HKD,EQTY,,,
722,3377,SINO-OCEAN GP,HKD,EQTY,,,
723,3380,LOGAN PPT,HKD,EQTY,,,
724,3382,TIANJINPORT DEV,HKD,EQTY,,,
725,3383,AGILE GROUP,HKD,EQTY,,,
726,3393,WASION HOLDINGS,HKD,EQTY,,,
727,3396,LEGENDHOLDING,HKD,EQTY,,,
728,3606,FUYAO GLASS,HKD,EQTY,,,
729,3613,TONGRENTANGCM,HKD,EQTY,,,
730,3618,CQRC BANK,HKD,EQTY,,,
731,3633,ZHONGYU GAS,HKD,EQTY,,,
732,3639,YIDA CHINA,HKD,EQTY,,,
733,3669,YONGDA AUTO,HKD,EQTY,,,
734,3683,GREAT HARVEST,HKD,EQTY,,,
735,3690,MEITUAN-W,HKD,EQTY,,,
736,3698,HUISHANG BANK,HKD,EQTY,,,
737,3700,INKE,HKD,EQTY,,,
738,3709,KORADIOR,HKD,EQTY,,,
739,3799,DALI FOODS,HKD,EQTY,,,
740,3800,GCL-POLY ENERGY,HKD,EQTY,,,
741,3808,SINOTRUK,HKD,EQTY,,,
742,3813,POU SHENG INT'L,HKD,EQTY,,,
743,3818,CHINA DONGXIANG,HKD,EQTY,,,
744,3836,HARMONY AUTO,HKD,EQTY,,,
745,3866,BQD,HKD,EQTY,,,
746,3883,CHINA AOYUAN,HKD,EQTY,,,
747,3888,KINGSOFT,HKD,EQTY,,,
748,3898,CRRC TIMES ELEC,HKD,EQTY,,,
749,3899,CIMC ENRIC,HKD,EQTY,,,
750,3900,GREENTOWN CHINA,HKD,EQTY,,,
751,3908,CICC,HKD,EQTY,,,
752,3918,NAGACORP,HKD,EQTY,,,
753,3933,UNITED LAB,HKD,EQTY,,,
754,3958,DFZQ,HKD,EQTY,,,
755,3968,CM BANK,HKD,EQTY,,,
756,3969,CHINA CRSC,HKD,EQTY,,,
757,3983,CHINA BLUECHEM,HKD,EQTY,,,
758,3988,BANK OF CHINA,HKD,EQTY,,,
759,3993,CMOC,HKD,EQTY,,,
760,3996,CH ENERGY ENG,HKD,EQTY,,,
761,3998,BOSIDENG,HKD,EQTY,,,
762,4332,AMGEN-T,HKD,EQTY,,,
763,4333,CISCO-T,HKD,EQTY,,,
764,4335,INTEL-T,HKD,EQTY,,,
765,4336,APPL MATERIAL-T,HKD,EQTY,,,
766,4337,STARBUCKS-T,HKD,EQTY,,,
767,4338,MICROSOFT-T,HKD,EQTY,,,
768,6030,CITIC SEC,HKD,EQTY,,,
769,6058,CISI FIN,HKD,EQTY,,,
770,6060,ZA ONLINE,HKD,EQTY,,,
771,6066,CSC,HKD,EQTY,,,
772,6068,WISDOM EDU INTL,HKD,EQTY,,,
773,6088,FIT HON TENG,HKD,EQTY,,,
774,6098,CG SERVICES,HKD,EQTY,,,
775,6099,CMSC,HKD,EQTY,,,
776,6100,TALENT LIEPIN,HKD,EQTY,,,
777,6116,LA CHAPELLE,HKD,EQTY,,,
778,6122,JIUTAI RCB,HKD,EQTY,,,
779,6138,HARBIN BANK,HKD,EQTY,,,
780,6139,JINMAO HOTEL-SS,HKD,EQTY,,,
781,6158,ZHENRO PPT,HKD,EQTY,,,
782,6160,BEIGENE-B,HKD,EQTY,,,
783,6166,CHINA VAST,HKD,EQTY,,,
784,6168,CHINA U-TON,HKD,EQTY,,,
785,6169,YUHUA EDU,HKD,EQTY,,,
786,6178,EB SECURITIES,HKD,EQTY,,,
787,6190,BANKOFJIUJIANG,HKD,EQTY,,,
788,6196,BANKOFZHENGZHOU,HKD,EQTY,,,
789,6198,QINGDAO PORT,HKD,EQTY,,,
790,6808,SUNART RETAIL,HKD,EQTY,,,
791,6818,CEB BANK,HKD,EQTY,,,
792,6823,HKT-SS,HKD,EQTY,,,
793,6826,HAOHAI BIOTEC,HKD,EQTY,,,
794,6828,BG BLUE SKY,HKD,EQTY,,,
795,6837,HAITONG SEC,HKD,EQTY,,,
796,6858,HONMAGOLF,HKD,EQTY,,,
797,6860,FINGERTANGO,HKD,EQTY,,,
798,6862,HAIDILAO,HKD,EQTY,,,
799,6868,TENFU,HKD,EQTY,,,
800,6869,YOFC,HKD,EQTY,,,
801,6878,DIFFER GROUP,HKD,EQTY,,,
802,6881,CGS,HKD,EQTY,,,
803,6886,HTSC,HKD,EQTY,,,
804,6889,DYNAM JAPAN,HKD,EQTY,,,
805,7200,FL2 CSOP HSI,HKD,TRST,YES,,
806,7205,FL2SAMSUNGHSI,HKD,TRST,YES,,
807,7210,XL2 XIE CHIMER,HKD,TRST,YES,,
808,7221,FL2CAMDXNHSI,HKD,TRST,YES,,
809,7228,FL2SAMSUNGHSCEI,HKD,TRST,YES,,
810,7230,FL2 MR HSCEI,HKD,TRST,YES,,
811,7231,FL2 MR HSI,HKD,TRST,YES,,
812,7242,FL2EFUND YT HSI,HKD,TRST,YES,,
813,7261,FL2CAMDXNNDQ100,HKD,TRST,YES,,
814,7267,FL2CAMDXNHSCEI,HKD,TRST,YES,,
815,7288,FL2 CSOP HSCEI,HKD,TRST,YES,,
816,7300,FI CSOP HSI,HKD,TRST,YES,,
817,7302,FI EFUND YT HSI,HKD,TRST,YES,,
818,7312,FISAMSUNGHSI,HKD,TRST,YES,,
819,7321,FICAMDXNHSI,HKD,TRST,YES,,
820,7322,XI MR S&P500   ,HKD,TRST,YES,,
821,7328,FISAMSUNGHSCEI,HKD,TRST,YES,,
822,7331,FICAMDXNNDQ100,HKD,TRST,YES,,
823,7336,FI MR HSI,HKD,TRST,YES,,
824,7341,FICAMDXNHSCEI,HKD,TRST,YES,,
825,7362,FI MR HSCEI,HKD,TRST,YES,,
826,7388,FI CSOP HSCEI,HKD,TRST,YES,,
827,8032,VIVA CHINA,HKD,EQTY,,,
828,8047,CHINAOCEAN FISH,HKD,EQTY,,,
829,8057,MADISON HLDG,HKD,EQTY,,,
830,8083,CHINA YOUZAN,HKD,EQTY,,,
831,8137,HONBRIDGE,HKD,EQTY,,,
832,8207,CHONGSING HLDGS,HKD,EQTY,,,
833,8265,CHINA TRUSTFUL,HKD,EQTY,,,
834,8279,AGTECH HOLDINGS,HKD,EQTY,,,
835,8283,ZHENG LI HLDG,HKD,EQTY,,,
836,8293,SINGASIA HLDG,HKD,EQTY,,,
837,8469,SHENGYE CAPITAL,HKD,EQTY,,,
838,9010,ISHARES AXJ-U,USD,TRST,YES,,
839,9074,ISHARESMSCITW-U,USD,TRST,YES,,
840,9081,VALUEGOLD ETF-U,USD,TRST,YES,,
841,9085,VANGUARDAXJHY-U,USD,TRST,YES,,
842,9086,BMO NASDAQ100-U,USD,TRST,YES,Add,
843,9096,CSOP USD MM-U,USD,TRST,YES,,
844,9101,VANGUARDDVEUR-U,USD,TRST,YES,,
845,9115,ISHARESHSI-U,USD,TRST,YES,,
846,9126,VANGUARDJAPAN-U,USD,TRST,YES,,
847,9140,VANGUARDSP500-U,USD,TRST,YES,,
848,9141,BMO ASIA IGB-U,USD,TRST,YES,Add,
849,9146,ISHARESDAX-U,USD,TRST,YES,,
850,9155,ISHARESES50-U,USD,TRST,YES,,
851,9167,ICBCCSOPCHINA-U,USD,TRST,YES,,
852,9169,VANGUARDCHINA-U,USD,TRST,YES,,
853,9170,ISHARESKS200-U,USD,TRST,YES,,
854,9181,PREMIAASIATEC-U,USD,TRST,YES,,
855,9186,CICCKRANECNET-U,USD,TRST,YES,,
856,9199,CSOP 5YCGBOND-U,USD,TRST,YES,,
857,9805,VANGUARDASXJP-U,USD,TRST,YES,,
858,9810,PREMIAEMASEAN-U,USD,TRST,YES,,
859,9834,ISHARESND100-U,USD,TRST,YES,,
860,9836,ISHARES INDIA-U,USD,TRST,YES,,
861,9846,ISHARESCSI300-U,USD,TRST,YES,,
862,9847,ISHARESFS100-U,USD,TRST,YES,,
863,82805,VANGUARDASXJP-R,CNY,TRST,YES,,
864,82808,EFUND CG BOND-R,CNY,TRST,YES,,
865,82811,HT CSI300 ETF-R,CNY,TRST,YES,,
866,82813,CAM CTPB BOND-R,CNY,TRST,YES,,
867,82822,CSOP A50 ETF-R,CNY,TRST,YES,,
868,82823,ISHARES A50-R,CNY,TRST,YES,,
869,82828,HSCEI ETF-R,CNY,TRST,YES,,
870,82832,BOSERA FA50-R,CNY,TRST,YES,,
871,82833,HS HSI ETF-R,CNY,TRST,YES,,
872,82834,ISHARESND100-R,CNY,TRST,YES,,
873,82836,ISHARES INDIA-R,CNY,TRST,YES,,
874,82843,AMUNDI A50-R,CNY,TRST,YES,,
875,82846,ISHARESCSI300-R,CNY,TRST,YES,,
876,82847,ISHARESFS100-R,CNY,TRST,YES,,
877,83008,C-SHS CSI 300-R,CNY,TRST,YES,,
878,83010,ISHARES AXJ-R,CNY,TRST,YES,,
879,83012,AMUNDI HK35-R,CNY,TRST,YES,,
880,83053,CSOP HKD MM-R,CNY,TRST,YES,,
881,83074,ISHARESMSCITW-R,CNY,TRST,YES,,
882,83079,CICC CGB-R,CNY,TRST,YES,,
883,83081,VALUEGOLD ETF-R,CNY,TRST,YES,,
884,83085,VANGUARDAXJHY-R,CNY,TRST,YES,,
885,83093,CICCSELECT100-R,CNY,TRST,YES,,
886,83095,VALUE A SHARE-R,CNY,TRST,YES,,
887,83100,EFUND CSI100-R,CNY,TRST,YES,,
888,83101,VANGUARDDVEUR-R,CNY,TRST,YES,,
889,83115,ISHARESHSI-R,CNY,TRST,YES,,
890,83118,HGI MSCI CN A-R,CNY,TRST,YES,,
891,83120,EFUND CES 120-R,CNY,TRST,YES,,
892,83122,CSOP CNSTBOND-R,CNY,TRST,YES,,
893,83126,VANGUARDJAPAN-R,CNY,TRST,YES,,
894,83127,MR CSI300 ETF-R,CNY,TRST,YES,,
895,83128,HS AINDTOPETF-R,CNY,TRST,YES,,
896,83129,CSOP 300SMART-R,CNY,TRST,YES,,
897,83136,HGI MSCIA50-R,CNY,TRST,YES,,
898,83137,CSOP CES A80-R,CNY,TRST,YES,,
899,83140,VANGUARDSP500-R,CNY,TRST,YES,,
900,83146,ISHARESDAX-R,CNY,TRST,YES,,
901,83147,CSOP CHINEXT-R,CNY,TRST,YES,,
902,83149,CSOP MSCI-R,CNY,TRST,YES,,
903,83150,HGI CSI500-R,CNY,TRST,YES,,
904,83155,ISHARESES50-R,CNY,TRST,YES,,
905,83156,GFI MSCI A I-R,CNY,TRST,YES,,
906,83167,ICBCCSOPCHINA-R,CNY,TRST,YES,,
907,83168,HS RMB GOLD ETF,CNY,TRST,YES,,
908,83169,VANGUARDCHINA-R,CNY,TRST,YES,,
909,83170,ISHARESKS200-R,CNY,TRST,YES,,
910,83180,CAM CES A80-R,CNY,TRST,YES,,
911,83186,CICCKRANECNET-R,CNY,TRST,YES,,
912,83188,CAM CSI300-R,CNY,TRST,YES,,
913,83197,CAM MSCI AINC-R,CNY,TRST,YES,,
914,83199,CSOP 5YCGBOND-R,CNY,TRST,YES,,
915,87001,HUI XIAN REIT,CNY,TRST,,,
